symbol,side,entry_price,exit_price,size,pnl,pnl_pct,entry_time,exit_time,bars_held,exit_reason,entry_score,max_profit_pct,max_drawdown_pct
ICPUSDT,short,2.423,2.438,600.0,-19.0520181593068,-0.030953363598844666,2026-02-09 00:15:00,2026-02-09 00:30:00,4,stop_loss,80,0.003301692117210073,0.011555922410235255
UNIUSDT,short,3.442,3.486,565.0168789104416,-36.56581750089049,-0.06391632771644398,2026-02-09 01:30:00,2026-02-09 01:45:00,4,stop_loss,80,0.003776873910517241,0.013364323067983677
STXUSDT,short,0.2654,0.2649,564.0,4.8615354935945785,0.009419743782969111,2026-02-09 00:15:00,2026-02-09 02:15:00,11,macd_reversal,90,0.015448379804069509,0.008289374529012733
THETAUSDT,long,0.2031,0.2035,703.9815577479758,4.98270590297304,0.007877892663712137,2026-02-09 03:00:00,2026-02-09 05:45:00,14,macd_reversal,70,0.017725258493352988,0.00344657804037423
ATOMUSDT,long,1.959,1.963,562.8229298603881,5.295764421404068,0.010209290454313433,2026-02-09 02:30:00,2026-02-09 07:00:00,21,macd_reversal,90,0.00918836140888209,0.002552322613578415
FETUSDT,short,0.162,0.1598,563.484208552559,37.81048605339357,0.06790123456790145,2026-02-09 06:30:00,2026-02-09 07:45:00,8,take_profit,90,0.021604938271604958,0.004938271604938241
ICPUSDT,short,2.441,2.393,563.7622776963129,54.97830056174923,0.09832036050798862,2026-02-09 07:45:00,2026-02-09 09:00:00,8,take_profit,80,0.02253174928308059,0.0024580090126998066
ICPUSDT,short,2.393,2.343,569.1778040437216,59.00744547549879,0.10447137484329258,2026-02-09 09:45:00,2026-02-09 09:45:00,3,take_profit,85,0.02423735896364389,0.0029251984956122517
FETUSDT,short,0.1598,0.1558,566.0142227108913,70.38751687100424,0.1251564455569463,2026-02-09 08:30:00,2026-02-09 09:45:00,8,take_profit,90,0.02690863579474342,0.0031289111389236576
ICPUSDT,short,2.343,2.356,572.7182507722515,-16.346645065917016,-0.02774221084080218,2026-02-09 10:30:00,2026-02-09 10:15:00,2,stop_loss,90,0.002987622705932615,0.011523687580025666
FETUSDT,short,0.1558,0.1563,576.53926010083,-9.71250323254842,-0.016046213093709898,2026-02-09 10:30:00,2026-02-09 10:15:00,2,stop_loss,90,0.0019255455712451524,0.010911424903722768
FETUSDT,short,0.1563,0.1583,707.7363952330878,-36.79070070841109,-0.05118362124120286,2026-02-09 11:00:00,2026-02-09 11:15:00,4,stop_loss,70,0.001279590531030107,0.012795905310300715
NEARUSDT,short,0.99,0.997,704.9770926799571,-20.50272772973873,-0.02828282828282831,2026-02-09 12:15:00,2026-02-09 11:45:00,1,stop_loss,60,0.0,0.0090909090909091
ICPUSDT,short,2.356,2.371,719.1615010464504,-18.89013822578936,-0.02546689303904945,2026-02-09 11:00:00,2026-02-09 12:00:00,7,macd_reversal,65,0.0008488964346348811,0.009337860780984824
HBARUSDT,long,0.09045,0.09249,604.7677922494208,67.7155387893524,0.11276948590381426,2026-02-09 15:00:00,2026-02-09 17:15:00,12,take_profit,85,0.028966279712548337,0.00066334991708131
XRPUSDT,long,1.4375,1.4426,710.6021558930696,9.51588973978566,0.014191304347826377,2026-02-09 16:00:00,2026-02-09 18:00:00,11,macd_reversal,70,0.018156521739130443,0.0036173913043478913
BCHUSDT,long,532.99,534.85,708.6713541492866,9.325396496805396,0.013958986097300239,2026-02-09 18:45:00,2026-02-09 20:00:00,8,macd_reversal,70,0.008836938779339268,0.0017261111840746713
HBARUSDT,long,0.09249,0.09277,707.7432440289973,8.004163641477893,0.012109417234295705,2026-02-09 18:00:00,2026-02-09 21:00:00,15,macd_reversal,70,0.014812412152665112,0.008217104551843407
MINAUSDT,short,0.0637,0.0644,564.6583427017562,-31.47691033909272,-0.054945054945054334,2026-02-09 23:00:00,2026-02-09 23:15:00,4,stop_loss,90,0.01883830455259037,0.01726844583987425
RUNEUSDT,short,0.4129,0.4107,763.0518144618327,15.652227396248568,0.021312666505206877,2026-02-09 23:00:00,2026-02-10 01:30:00,13,macd_reversal,70,0.011867280213126703,0.0007265681763139319
XRPUSDT,long,1.4474,1.4363,703.4621601017633,-22.1419599370897,-0.030675694348487246,2026-02-10 01:45:00,2026-02-10 02:30:00,6,stop_loss,60,0.001796324443830272,0.007738012988807585
STXUSDT,short,0.2609,0.2556,709.1053012334872,57.052617584041975,0.08125718666155655,2026-02-10 02:15:00,2026-02-10 02:45:00,5,take_profit,70,0.024530471444998148,0.0003832886163280528
STXUSDT,short,0.2556,0.2587,577.6495819563531,-35.491730464952596,-0.06064162754303583,2026-02-10 03:30:00,2026-02-10 03:15:00,2,stop_loss,90,0.0003912363067292214,0.012519561815336387
ADAUSDT,short,0.2657,0.2672,565.617134922661,-16.41835186345172,-0.028227324049680116,2026-02-10 03:15:00,2026-02-10 03:30:00,4,stop_loss,90,0.005645464809936023,0.007150922092585671
ADAUSDT,short,0.2672,0.262,717.4260005303764,55.273592174994036,0.07784431137724525,2026-02-10 04:15:00,2026-02-10 06:00:00,10,take_profit,70,0.022080838323353356,0.0029940119760479902
STXUSDT,short,0.2587,0.2529,575.5200781284559,64.05478403693729,0.11209895632006131,2026-02-10 04:00:00,2026-02-10 06:00:00,11,take_profit,75,0.028604561267877707,0.0015461925009664147
ADAUSDT,short,0.262,0.2636,577.2572159548007,-18.08798030573475,-0.030534351145037983,2026-02-10 06:45:00,2026-02-10 07:30:00,6,stop_loss,90,0.002671755725190969,0.008015267175572483
AVAXUSDT,short,8.838,8.877,724.6083154784176,-13.369785907263637,-0.017651052274270867,2026-02-10 08:15:00,2026-02-10 08:15:00,3,stop_loss,60,0.00260239873274493,0.007354605114279394
STXUSDT,short,0.2529,0.2536,580.9962747274363,-8.505473024313243,-0.013839462238038322,2026-02-10 06:45:00,2026-02-10 08:15:00,9,macd_reversal,90,0.003558718861210011,0.006326611308817676
DOTUSDT,short,1.272,1.273,720.5498481633207,-2.8423199042012266,-0.003144654088049968,2026-02-10 10:30:00,2026-02-10 11:00:00,5,macd_reversal,70,0.002358490566037825,0.004716981132075476
XRPUSDT,short,1.4165,1.4138,613.2339133304856,5.353858919432333,0.009530533003883327,2026-02-10 10:30:00,2026-02-10 13:00:00,13,macd_reversal,80,0.010024708789269319,0.001411930815390047
AVAXUSDT,short,8.798,8.801,576.2693393364045,-1.4435160500149744,-0.0017049329393044519,2026-02-10 12:00:00,2026-02-10 13:00:00,7,macd_reversal,75,0.0061377585814958256,0.0023869061150262327
NEARUSDT,short,0.99,0.992,720.6251437823684,-6.3997336001359475,-0.008080808080808088,2026-02-10 13:45:00,2026-02-10 13:30:00,2,stop_loss,60,0.002020202020202022,0.008080808080808088
BCHUSDT,short,522.24,513.76,613.2979947083986,49.302244140301305,0.08118872549019626,2026-02-10 13:45:00,2026-02-10 14:00:00,4,take_profit,80,0.020622702205882318,0.00026807598039213076
BCHUSDT,short,513.76,514.91,615.8721453408086,-7.385536465318077,-0.011191996262846244,2026-02-10 14:45:00,2026-02-10 14:15:00,1,stop_loss,90,0.0029585798816567695,0.01757630021800057
XRPUSDT,short,1.4008,1.4154,578.91981662036,-30.632429552101346,-0.052113078241004945,2026-02-10 15:00:00,2026-02-10 15:15:00,4,stop_loss,80,0.0020702455739578275,0.011350656767561411
BCHUSDT,short,514.91,520.2,580.6938241556678,-30.293751712948737,-0.05136820026800875,2026-02-10 15:00:00,2026-02-10 15:15:00,4,stop_loss,80,0.00335981045231209,0.011244683536928934
BCHUSDT,short,520.2,520.33,764.7168028462329,-1.376196236356239,-0.0009996155324874698,2026-02-10 16:00:00,2026-02-10 16:15:00,4,macd_reversal,60,0.0035371011149558473,0.005209534794309732
FILUSDT,short,0.901,0.91,611.690870502805,-31.039951112191638,-0.04994450610432856,2026-02-10 17:00:00,2026-02-10 16:45:00,2,stop_loss,85,0.0,0.012208657047724761
ALGOUSDT,short,0.0921,0.0917,609.8284734360734,12.754883658516498,0.021715526601519954,2026-02-10 17:45:00,2026-02-10 20:00:00,12,macd_reversal,90,0.01845819761129215,0.0010857763300760354
ENSUSDT,short,5.628,5.65,720.2493006922373,-11.838093268008937,-0.015636105188344164,2026-02-10 20:45:00,2026-02-10 21:45:00,7,macd_reversal,60,0.0065742714996446195,0.006218905472636841
SOLUSDT,short,83.39,82.55,573.238765029909,28.413010056756832,0.0503657512891236,2026-02-10 18:15:00,2026-02-10 22:00:00,18,macd_reversal,85,0.018587360594795505,0.00287804293080699
TRXUSDT,short,0.27712,0.27637,611.5882614629093,7.786768581381876,0.013532043879907134,2026-02-11 02:30:00,2026-02-11 02:45:00,4,take_profit,80,0.004294168591223907,0.000288683602771451
TRXUSDT,short,0.27637,0.27463,577.5618896312841,17.719332113624155,0.03147953830010528,2026-02-11 03:30:00,2026-02-11 05:15:00,10,take_profit,90,0.006730108188298398,7.236675471295727e-05
FILUSDT,short,0.888,0.875,574.8929657751346,41.62121487893821,0.07319819819819827,2026-02-11 02:45:00,2026-02-11 05:30:00,14,take_profit,90,0.025900900900900924,0.007882882882882889
TRXUSDT,short,0.27463,0.27427,578.6250495581014,3.329566512458169,0.00655427302188347,2026-02-11 06:00:00,2026-02-11 07:30:00,9,macd_reversal,90,0.002257582929760075,0.0018206313949677764
FILUSDT,short,0.875,0.874,580.8983974238597,2.8547006959115415,0.005714285714285719,2026-02-11 06:15:00,2026-02-11 08:00:00,10,macd_reversal,90,0.010285714285714296,0.0011428571428571438
DOTUSDT,short,1.234,1.235,726.2022131783272,-2.9349397711209715,-0.0032414910858998766,2026-02-11 08:15:00,2026-02-11 08:45:00,5,macd_reversal,60,0.0016207455429497583,0.006482982171799033
INJUSDT,short,2.976,2.975,954.0247060652473,0.198498688842502,0.0010080645161289212,2026-02-11 08:45:00,2026-02-11 09:00:00,4,macd_reversal,50,0.002688172043010755,0.002688172043010755
AVAXUSDT,short,8.509,8.525,727.8857591301642,-6.05706340626177,-0.007521447878716659,2026-02-11 10:00:00,2026-02-11 10:15:00,4,macd_reversal,60,0.00434833705488316,0.005170995416617755
BCHUSDT,short,513.62,514.14,558.5693776796659,-3.274394114283214,-0.005062108173357558,2026-02-11 09:30:00,2026-02-11 11:15:00,10,macd_reversal,80,0.011428682683696127,0.004789533117869313
UNIUSDT,long,3.256,3.392,615.2628825136785,128.00249488726357,0.20884520884520905,2026-02-11 12:00:00,2026-02-11 13:00:00,7,take_profit,80,0.044840294840294954,0.003992628992628962
UNIUSDT,long,3.392,4.27,622.9430322069143,805.7280345448573,1.294221698113207,2026-02-11 13:45:00,2026-02-11 13:15:00,1,take_profit,90,0.35318396226415094,0.0002948113207546845
UNIUSDT,long,4.27,4.046,671.2867142796056,-176.61223311689346,-0.2622950819672123,2026-02-11 14:00:00,2026-02-11 13:30:00,1,stop_loss,90,0.016393442622950886,0.06135831381733012
UNIUSDT,long,4.046,3.832,660.689980292592,-175.2537815722407,-0.26445872466633763,2026-02-11 14:15:00,2026-02-11 14:15:00,3,stop_loss,90,0.05783489866534849,0.06327236777063772
UNIUSDT,long,3.832,3.67,612.5730835335374,-129.97445242876972,-0.21137787056367424,2026-02-11 15:00:00,2026-02-11 16:15:00,8,macd_reversal,80,0.022442588726513647,0.04906054279749471
XLMUSDT,short,0.1511,0.15297,1008.5222856067152,-38.25096092745042,-0.037127729980145255,2026-02-11 17:00:00,2026-02-11 16:30:00,1,stop_loss,50,0.0,0.012442091330244822
SOLUSDT,short,79.91,79.76,621.0485814750365,5.332049085092163,0.009385558753597265,2026-02-11 14:45:00,2026-02-11 18:00:00,16,macd_reversal,80,0.024903015892879427,0.01213865598798647
MINAUSDT,long,0.0678,0.0678,592.3710651763405,-0.4738968521410724,0.0,2026-02-12 00:45:00,2026-02-12 02:45:00,11,macd_reversal,85,0.02507374631268447,0.004424778761061869
BCHUSDT,short,515.02,507.58,740.4282892065149,42.19268685639425,0.0577841637217972,2026-02-12 03:45:00,2026-02-12 04:15:00,5,take_profit,60,0.015242126519358405,0.0008155023105900213
ATOMUSDT,long,1.954,1.964,800.5014394274872,15.746526984128181,0.020470829068577296,2026-02-12 00:30:00,2026-02-12 04:15:00,18,macd_reversal,70,0.013817809621289732,0.002558853633572105
BCHUSDT,short,507.58,509.75,594.8741925765956,-13.19189484138566,-0.021375940738405926,2026-02-12 05:00:00,2026-02-12 05:15:00,4,stop_loss,90,0.007151582016627912,0.006422632885456462
BCHUSDT,short,509.75,510.41,746.8072630566339,-4.465167584784862,-0.0051790093182934776,2026-02-12 06:00:00,2026-02-12 07:00:00,7,macd_reversal,65,0.006159882295242739,0.0056694458067679965
TIAUSDT,long,0.3193,0.3271,760.195773758371,73.67342227626818,0.09771374882555628,2026-02-12 05:00:00,2026-02-12 07:15:00,12,take_profit,70,0.025681177575947515,0.005324146570623174
TIAUSDT,long,0.3271,0.3224,611.3793781288853,-44.41272131365795,-0.07184347294405354,2026-02-12 08:00:00,2026-02-12 07:45:00,2,stop_loss,80,0.0,0.014980128401100627
ENSUSDT,long,5.748,5.862,608.7146148500658,59.87616861162327,0.09916492693110636,2026-02-12 08:30:00,2026-02-12 08:30:00,3,take_profit,75,0.021224773834377153,0.0008698677800974066
ATOMUSDT,long,1.995,1.987,597.1779003902201,-12.451234057459455,-0.020050125313283224,2026-02-12 07:45:00,2026-02-12 09:30:00,10,macd_reversal,80,0.010025062656641612,0.006015037593984967
ENSUSDT,long,5.862,5.865,612.3071849667632,1.0769587171411912,0.002558853633572257,2026-02-12 09:15:00,2026-02-12 11:30:00,12,macd_reversal,85,0.01944728761514839,0.0006823609689526523
ICPUSDT,long,2.426,2.427,763.3154423109039,0.6479056713958271,0.001648804616652745,2026-02-12 10:15:00,2026-02-12 11:45:00,9,macd_reversal,60,0.01813685078318221,0.0012366034624897418
AAVEUSDT,long,110.39,109.46,809.3678460125515,-27.92214222650398,-0.03369870459280757,2026-02-12 13:45:00,2026-02-12 13:15:00,1,stop_loss,60,0.0005435274934323968,0.009511731135066556
AVAXUSDT,long,8.938,8.876,645.8189482764508,-22.91583550833066,-0.034683374356679994,2026-02-12 14:15:00,2026-02-12 14:15:00,3,stop_loss,75,0.003356455582904381,0.011859476392929051
BCHUSDT,short,507.44,496.25,608.019809463159,66.55344766232965,0.11025934100583319,2026-02-12 15:00:00,2026-02-12 15:30:00,5,take_profit,90,0.023234274002837816,0.0072717956802774665
UNIUSDT,short,3.353,3.236,607.0698113798637,105.43019254255142,0.17447062332239782,2026-02-12 14:30:00,2026-02-12 16:00:00,9,take_profit,90,0.0429466149716672,0.010736653742916668
BCHUSDT,short,496.25,499.58,612.0130163228988,-21.023649147116185,-0.03355163727959681,2026-02-12 16:15:00,2026-02-12 16:30:00,4,stop_loss,90,0.0032644836272040395,0.010256926952141008
BCHUSDT,short,499.58,503.17,770.5238293433557,-22.764467803157387,-0.028744145081869024,2026-02-12 17:15:00,2026-02-12 18:30:00,8,macd_reversal,65,0.012370391128547995,0.00980823892069345
UNIUSDT,short,3.236,3.242,618.0422355788698,-6.224120768489494,-0.009270704573547254,2026-02-12 16:45:00,2026-02-12 18:45:00,11,macd_reversal,90,0.015451174289246064,0.011433868974042003
UNIUSDT,short,3.163,3.191,602.8801111229842,-27.166849001076024,-0.04426177679418278,2026-02-12 20:45:00,2026-02-12 21:00:00,4,macd_reversal,75,0.0003161555485298419,0.010433133101486046
AAVEUSDT,long,110.15,113.09,814.7028528688975,86.3287692632176,0.10676350431230132,2026-02-12 20:00:00,2026-02-13 00:30:00,21,macd_reversal,70,0.0488424875170222,0.009623241034952358
TRXUSDT,long,0.27954,0.28038,601.2501001829196,8.552592324405014,0.015024683408456882,2026-02-12 22:00:00,2026-02-13 00:45:00,14,macd_reversal,85,0.0033268941833010887,0.0010731916720327053
AVAXUSDT,long,8.874,8.839,774.046239374839,-12.830919830408808,-0.015776425512733894,2026-02-13 01:30:00,2026-02-13 01:45:00,4,macd_reversal,70,0.002253775073247642,0.005972503944106471
LTCUSDT,long,53.11,53.12,761.7279733597755,-0.035684036861705515,0.0007531538316699688,2026-02-13 01:30:00,2026-02-13 02:00:00,5,macd_reversal,70,0.0032009037845980364,0.005460365279608344
NEARUSDT,long,0.962,0.963,761.6895243236246,2.557756589786943,0.004158004158004162,2026-02-13 02:30:00,2026-02-13 02:45:00,4,macd_reversal,70,0.005197505197505202,0.0062370062370062426
ICPUSDT,short,2.298,2.315,655.2066222136617,-24.75939718992103,-0.03698868581375088,2026-02-13 04:30:00,2026-02-13 06:15:00,10,stop_loss,90,0.008703220191470852,0.00783289817232367
XRPUSDT,short,1.3574,1.3621,615.894224880842,-11.155389819789928,-0.01731250920878204,2026-02-13 04:45:00,2026-02-13 07:45:00,15,macd_reversal,80,0.007514365699130682,0.005598939148371926
STXUSDT,long,0.2628,0.2664,616.7674048894161,41.750928876733965,0.06849315068493242,2026-02-13 07:00:00,2026-02-13 08:45:00,10,take_profit,75,0.019406392694064113,0.00456621004566202
STXUSDT,long,0.2664,0.2649,618.5940492837003,-17.910248248540157,-0.028153153153153174,2026-02-13 09:30:00,2026-02-13 09:00:00,1,stop_loss,80,0.0018768768768768784,0.0075075075075075135
STXUSDT,long,0.2649,0.2648,617.519434388788,-1.6595863938475022,-0.0018875047187626366,2026-02-13 09:45:00,2026-02-13 10:15:00,5,macd_reversal,80,0.0015100037750092712,0.003775009437523597
ENSUSDT,long,5.876,5.985,771.7748240064464,56.64837715693006,0.07420013614703878,2026-02-13 11:00:00,2026-02-13 11:00:00,3,take_profit,70,0.018720217835261985,0.0032334921715452903
ENSUSDT,long,5.985,5.988,620.8187618345729,1.059281736984964,0.002506265664160496,2026-02-13 11:45:00,2026-02-13 11:15:00,1,stop_loss,90,0.01804511278195483,0.00885547201336674
DOGEUSDT,long,0.09341,0.09345,616.0456906997141,0.8261778799414361,0.002141098383470633,2026-02-13 08:30:00,2026-02-13 11:30:00,15,macd_reversal,75,0.007065624665453312,0.001391713949256023
ENSUSDT,long,5.988,5.923,620.8823187387919,-34.19522849862974,-0.054275217100868724,2026-02-13 12:00:00,2026-02-13 11:30:00,1,stop_loss,90,0.0015030060120239566,0.015030060120240605
ENSUSDT,long,5.923,6.085,609.2947902639602,82.83668709769049,0.13675502279250373,2026-02-13 12:15:00,2026-02-13 12:15:00,3,take_profit,80,0.028364004727334146,0.0025325004220833496
LTCUSDT,long,53.33,53.48,775.8021146615548,8.107677618170035,0.011250703168947954,2026-02-13 12:15:00,2026-02-13 12:30:00,4,macd_reversal,70,0.004875304706544255,0.002250140633789564
ENSUSDT,long,6.085,6.025,614.2649914898216,-30.77563507403742,-0.04930156121610485,2026-02-13 13:00:00,2026-02-13 13:00:00,3,stop_loss,85,0.02103533278553823,0.01248972884141325
UNIUSDT,long,3.364,3.434,624.4436795372159,64.46931777873242,0.10404280618311576,2026-02-13 13:15:00,2026-02-13 14:15:00,7,take_profit,90,0.028240190249702795,0.008026159334125949
ENSUSDT,long,6.025,6.279,777.4830251874124,130.48552454921264,0.16863070539419056,2026-02-13 13:45:00,2026-02-13 14:30:00,6,take_profit,70,0.04481327800829868,0.010622406639004158
UNIUSDT,long,3.434,3.405,616.6722184776421,-26.532205474042218,-0.04222481071636627,2026-02-13 15:00:00,2026-02-13 15:00:00,3,stop_loss,90,0.009900990099009844,0.013104251601630859
ENSUSDT,long,6.279,6.19,634.149998353181,-45.450264618393334,-0.0708711578276792,2026-02-13 15:15:00,2026-02-13 15:00:00,2,stop_loss,80,0.002070393374741185,0.021181716833890748
UNIUSDT,long,3.405,3.436,631.5093992322061,28.24191638105253,0.04552129221732767,2026-02-13 15:45:00,2026-02-13 17:15:00,9,macd_reversal,80,0.02584434654919239,0.00058737151248158
ENSUSDT,long,6.19,6.261,786.1760241279513,35.44117078850658,0.04588045234248771,2026-02-13 15:45:00,2026-02-13 17:30:00,10,macd_reversal,70,0.025848142164781783,0.0003231017770598817
ATOMUSDT,long,2.072,2.076,776.6941709893493,5.376283049226667,0.007722007722007728,2026-02-13 18:00:00,2026-02-13 18:15:00,4,macd_reversal,60,0.002895752895752791,0.0024131274131273615
SOLUSDT,long,85.14,84.59,780.0633977838826,-20.780727663546966,-0.025839793281653613,2026-02-13 18:30:00,2026-02-13 18:45:00,4,macd_reversal,70,0.005285412262156481,0.007517030772844733
RUNEUSDT,long,0.4164,0.416,780.2139270029846,-3.622111302997227,-0.0038424591738713877,2026-02-13 19:00:00,2026-02-13 19:15:00,4,macd_reversal,60,0.007684918347742509,0.005763688760806948
ENSUSDT,long,6.688,6.539,622.7921301672209,-69.87325418478265,-0.11139354066985649,2026-02-13 21:00:00,2026-02-13 20:30:00,1,stop_loss,90,0.0007476076555023764,0.02362440191387552
TRXUSDT,long,0.28075,0.28229,778.644082736786,16.46149274684194,0.021941228851290982,2026-02-13 19:30:00,2026-02-13 21:00:00,9,take_profit,70,0.005520926090828124,3.5618878005378454e-05
ENSUSDT,long,6.539,6.724,618.5997349161338,87.01158217833493,0.14145893867563886,2026-02-13 21:15:00,2026-02-13 21:15:00,3,take_profit,90,0.049548860682061595,0.005199571799969385
LTCUSDT,long,55.54,55.37,786.4876066877292,-10.2584945964712,-0.01224342815988489,2026-02-13 21:45:00,2026-02-13 21:30:00,2,stop_loss,60,0.0018005041411595503,0.006301764494058362
ENSUSDT,long,6.724,6.566,624.3375079745877,-73.85262754652324,-0.11748958953004192,2026-02-13 22:00:00,2026-02-13 22:15:00,4,stop_loss,80,0.010261748958952996,0.02587745389649024
ATOMUSDT,long,2.114,2.112,791.8137552769849,-3.6299079778333105,-0.003784295175023235,2026-02-13 22:15:00,2026-02-13 22:30:00,4,macd_reversal,65,0.0009460737937560189,0.006149479659413388
ENSUSDT,long,6.566,6.685,773.7140896633158,55.47117595332838,0.07249466950959474,2026-02-13 23:00:00,2026-02-13 23:15:00,4,macd_reversal,70,0.021169661894608626,0.014163874505025887
HBARUSDT,long,0.10076,0.10283,623.1026138366412,63.50620283558059,0.10271933306867817,2026-02-14 00:15:00,2026-02-13 23:45:00,1,take_profit,90,0.02411671298134182,9.924573243346688e-05
BCHUSDT,long,563.74,563.89,774.7993214860036,0.20479529090700677,0.001064320431404387,2026-02-13 23:45:00,2026-02-14 00:00:00,4,macd_reversal,70,0.004345975094901986,0.003725121509915959
HBARUSDT,long,0.10283,0.10542,626.9129860067761,78.44939024513151,0.12593601089176285,2026-02-14 00:30:00,2026-02-14 00:15:00,2,take_profit,90,0.027715647184673647,0.003500923854906148
HBARUSDT,long,0.10542,0.10368,639.9722891969196,-53.32699316064247,-0.08252703471827003,2026-02-14 01:00:00,2026-02-14 00:45:00,2,stop_loss,90,0.01954088408271681,0.021153481312843822
ICPUSDT,long,2.418,2.417,635.7984538529842,-1.8233584774190215,-0.0020678246484705,2026-02-14 00:45:00,2026-02-14 02:00:00,8,macd_reversal,90,0.009925558312655096,0.002894954507857782
HBARUSDT,long,0.10368,0.10211,636.772669607281,-48.721855022425004,-0.07571373456790066,2026-02-14 01:30:00,2026-02-14 02:15:00,6,stop_loss,80,0.009355709876543331,0.016975308641975287
INJUSDT,long,3.141,3.143,795.7560189417226,1.3901535903012794,0.002546959567016593,2026-02-14 02:45:00,2026-02-14 03:00:00,4,macd_reversal,60,0.003183699458771024,0.0009551098376313638
FETUSDT,long,0.1676,0.1666,624.1425028919662,-19.119317071882985,-0.029832935560859215,2026-02-14 03:00:00,2026-02-14 05:15:00,12,stop_loss,85,0.007756563245823363,0.006563245823388961
AAVEUSDT,long,120.67,122.82,634.5227230703697,56.01943306051318,0.08908593685257277,2026-02-14 04:45:00,2026-02-14 06:30:00,10,take_profit,75,0.018811635037706106,0.0018231540565177664
AAVEUSDT,long,122.82,123.86,636.2201151530842,26.427553779201894,0.042338381371112455,2026-02-14 07:15:00,2026-02-14 07:00:00,2,take_profit,85,0.01726103240514578,0.0009770395701025106
AAVEUSDT,long,123.86,125.66,637.8057683798363,45.834434179245086,0.07266268367511695,2026-02-14 07:45:00,2026-02-14 08:15:00,5,take_profit,90,0.019941869853059898,0.0026642984014209454
ICPUSDT,long,2.413,2.415,632.7527508353525,2.1160636544308615,0.004144218814753883,2026-02-14 07:15:00,2026-02-14 10:00:00,14,macd_reversal,80,0.008702859510982326,0.004144218814753331
AAVEUSDT,long,125.66,128.02,640.5558344305911,59.6384294871668,0.0939041858984567,2026-02-14 09:00:00,2026-02-14 10:45:00,10,take_profit,75,0.023078147381824014,0.0021486551010663378
ENSUSDT,long,6.923,6.968,800.2682665426781,20.16699150805458,0.02600028889209876,2026-02-14 10:45:00,2026-02-14 11:00:00,4,take_profit,70,0.0342337137079301,0.0015889065434060554
AAVEUSDT,long,128.02,126.65,792.762716345809,-34.56906164608905,-0.0428058115919389,2026-02-14 11:30:00,2026-02-14 11:45:00,4,stop_loss,65,0.005936572410560778,0.014294641462271617
XRPUSDT,long,1.4714,1.4637,635.8705255789426,-17.146602655878006,-0.026165556612749895,2026-02-14 12:00:00,2026-02-14 12:00:00,3,stop_loss,80,0.0024466494495039063,0.0077477232567623195
XRPUSDT,long,1.4637,1.4527,850.4166858769667,-26.244543349785257,-0.030060804809728493,2026-02-14 12:45:00,2026-02-14 12:30:00,2,stop_loss,65,0.0034843205574913608,0.0084033613445378
DOGEUSDT,long,0.09957,0.10006,786.6354344361941,14.855330112779562,0.019684643969066603,2026-02-14 12:45:00,2026-02-14 13:00:00,4,macd_reversal,70,0.006528070704027295,0.0055237521341770495
DOGEUSDT,long,0.10151,0.10323,638.8709961529117,53.614512176725974,0.08472071717072206,2026-02-14 14:30:00,2026-02-14 14:00:00,1,take_profit,90,0.019209930056152038,0.0011821495419171411
FILUSDT,long,0.976,0.994,679.649995907353,62.12892306850139,0.09221311475409845,2026-02-14 14:15:00,2026-02-14 14:45:00,5,take_profit,85,0.019467213114754117,0.0020491803278688543
DOGEUSDT,long,0.10323,0.10501,642.0878668835153,54.84409407017911,0.08621524750557026,2026-02-14 14:45:00,2026-02-14 16:15:00,9,take_profit,90,0.023152184442507055,0.007555943039814036
FILUSDT,long,0.994,1.01,648.0693300090556,51.64004192102747,0.08048289738430592,2026-02-14 15:30:00,2026-02-14 16:15:00,6,take_profit,85,0.021126760563380188,0.0040241448692152956
DOGEUSDT,long,0.10501,0.10806,651.001087865734,94.0203532098182,0.14522426435577548,2026-02-14 17:00:00,2026-02-14 18:30:00,9,take_profit,80,0.033806304161508406,0.0013332063612989356
FILUSDT,long,1.01,1.022,653.923584909595,38.32380677026612,0.05940594059405946,2026-02-14 17:00:00,2026-02-14 19:30:00,13,macd_reversal,80,0.01980198019801982,0.0
DOGEUSDT,long,0.10806,0.11155,659.3894562795524,105.95357312938842,0.16148436054044019,2026-02-14 19:15:00,2026-02-14 20:15:00,7,take_profit,85,0.03609106052193226,0.0013881177123819856
DOGEUSDT,long,0.11155,0.11028,657.6794442378394,-37.96464172580944,-0.05692514567458509,2026-02-14 21:00:00,2026-02-14 20:30:00,1,stop_loss,90,0.004392649036306628,0.013446884805020183
FETUSDT,long,0.1815,0.1822,826.7011655044636,12.092155670420222,0.0154269972451792,2026-02-14 20:15:00,2026-02-14 21:00:00,6,macd_reversal,60,0.014876033057851283,0.006060606060606005
AVAXUSDT,long,9.707,9.637,666.4050710607264,-24.56132791707885,-0.03605645410528499,2026-02-14 22:00:00,2026-02-14 22:00:00,3,stop_loss,75,0.0006181106418047235,0.007211290821056998
DOGEUSDT,long,0.11028,0.11069,655.4015657342909,11.658968643633784,0.018589046064562645,2026-02-14 21:15:00,2026-02-14 22:45:00,9,macd_reversal,75,0.0309212912586144,0.0080703663402249
XRPUSDT,long,1.5189,1.5202,704.9550234483771,2.4528294847074448,0.004279412732899068,2026-02-15 00:15:00,2026-02-15 02:30:00,12,macd_reversal,90,0.01599841990914477,0.0036868786621896293
DOGEUSDT,long,0.11711,0.1144,705.1021932174597,-82.14665128831653,-0.11570318503970642,2026-02-15 04:00:00,2026-02-15 03:30:00,1,stop_loss,80,0.002817863547092451,0.028178635470924866
XLMUSDT,long,0.17797,0.17618,662.796061624412,-33.86183628481361,-0.050289374613698555,2026-02-15 04:00:00,2026-02-15 03:30:00,1,stop_loss,90,0.0024723267966512545,0.011631173793335892
XRPUSDT,long,1.5466,1.591,656.2531829252875,93.67401892618906,0.1435406698564593,2026-02-15 04:30:00,2026-02-15 06:15:00,10,take_profit,85,0.0299366351997931,0.0060131902237164515
XLMUSDT,long,0.17618,0.1807,698.1416839630718,88.99763410183287,0.12827789760472233,2026-02-15 04:15:00,2026-02-15 06:15:00,11,take_profit,75,0.027074582813032107,0.0009081621069360511
XRPUSDT,long,1.591,1.6482,827.3420300760737,118.31729449750176,0.1438089252042744,2026-02-15 07:00:00,2026-02-15 07:00:00,3,take_profit,70,0.03626649905719678,0.000754242614707648
XLMUSDT,long,0.1807,0.18237,824.326826675236,29.813716193284012,0.036967349197565134,2026-02-15 07:00:00,2026-02-15 07:15:00,4,take_profit,70,0.0262313226342003,0.006640841173215311
XRPUSDT,long,1.6482,1.6236,666.7414112140891,-50.29021486136634,-0.07462686567164233,2026-02-15 07:45:00,2026-02-15 07:45:00,3,stop_loss,80,0.012801844436354747,0.020567892246086662
XLMUSDT,long,0.18237,0.17975,847.4816988916937,-49.37902283449301,-0.057465591928497255,2026-02-15 08:00:00,2026-02-15 07:45:00,2,stop_loss,60,0.013050392060097567,0.01721774414651535
XRPUSDT,long,1.6236,1.6074,830.1544112012708,-33.79667209131771,-0.039911308203991115,2026-02-15 08:30:00,2026-02-15 08:45:00,4,macd_reversal,60,0.0014781966001477936,0.0125030795762503
MINAUSDT,short,0.06796,0.06789,662.2004248523724,2.880630311947596,0.005150088287227826,2026-02-15 08:45:00,2026-02-15 11:15:00,13,macd_reversal,90,0.006768687463213685,0.00676868746321348
STXUSDT,short,0.2707,0.2638,670.2498637078272,84.88537490740867,0.12744735869966783,2026-02-15 12:00:00,2026-02-15 12:00:00,3,take_profit,90,0.028444772811230087,0.00406353897303284
THETAUSDT,short,0.2139,0.2084,669.9397351952168,85.59468270398258,0.12856474988312305,2026-02-15 12:00:00,2026-02-15 12:00:00,3,take_profit,90,0.026180458158017735,0.0018700327255726213
STXUSDT,short,0.2638,0.2669,675.051465400418,-40.20379293011654,-0.058756633813495975,2026-02-15 12:45:00,2026-02-15 12:15:00,1,stop_loss,90,0.0003790750568612168,0.013646702047005488
THETAUSDT,short,0.2084,0.21,679.8804425503448,-26.642961649638767,-0.03838771593090188,2026-02-15 12:45:00,2026-02-15 12:15:00,1,stop_loss,90,0.0014395393474088039,0.011516314779270564
THETAUSDT,short,0.21,0.2091,675.7420166188521,13.939592457108636,0.021428571428571054,2026-02-15 13:00:00,2026-02-15 14:30:00,9,macd_reversal,80,0.013809523809523744,0.0014285714285714034
STXUSDT,short,0.2669,0.2654,677.1784763455423,18.487251496149387,0.02810041213937807,2026-02-15 13:00:00,2026-02-15 14:45:00,10,macd_reversal,90,0.019482952416635585,0.001873360809291871
ICPUSDT,short,2.38,2.382,675.2192356865733,-3.377231000678035,-0.0042016806722693775,2026-02-15 17:45:00,2026-02-15 19:15:00,9,macd_reversal,90,0.010504201680672232,0.0046218487394958496
BCHUSDT,short,554.22,553.79,718.3183358367802,2.2119362556012736,0.0038793258994628817,2026-02-15 17:45:00,2026-02-15 19:45:00,11,macd_reversal,90,0.007686478293818322,0.0041319331673342055
AAVEUSDT,short,123.68,124.79,843.7707522831658,-30.965622521435638,-0.03589909443725742,2026-02-15 20:00:00,2026-02-15 20:15:00,4,macd_reversal,70,0.0029107373868047675,0.009864165588615774
BCHUSDT,short,552.73,555.13,716.3904808007894,-16.126250027991617,-0.02171041919201036,2026-02-15 23:15:00,2026-02-15 23:30:00,4,stop_loss,75,3.618403198665136e-05,0.005916089229822846
AVAXUSDT,short,9.211,9.287,840.621914313954,-28.41639742847035,-0.03300401693627207,2026-02-16 02:15:00,2026-02-16 03:30:00,8,stop_loss,70,0.001194224297036262,0.009010965150363716
INJUSDT,short,3.115,3.136,715.4229057991099,-24.687717171800188,-0.03370786516853917,2026-02-16 01:30:00,2026-02-16 03:30:00,11,macd_reversal,75,0.002889245585874909,0.007704654895665995
SOLUSDT,short,85.25,85.03,827.4090223158557,7.879069141536749,0.010322580645161237,2026-02-16 04:30:00,2026-02-16 04:15:00,2,stop_loss,70,0.0032844574780058785,0.007155425219941342
LTCUSDT,short,54.66,53.79,838.4906845068189,52.712807563695705,0.06366630076838621,2026-02-16 04:15:00,2026-02-16 04:45:00,5,take_profit,70,0.016831320892791705,0.0020124405415295745
LTCUSDT,short,53.79,54.11,666.1921743753194,-20.349043700469057,-0.029745305818925476,2026-02-16 05:30:00,2026-02-16 05:45:00,4,stop_loss,90,0.0013013571295779937,0.00725041829336309
SOLUSDT,short,84.91,85.22,827.999952501471,-12.754261239846326,-0.014603698033211744,2026-02-16 05:15:00,2026-02-16 06:15:00,7,macd_reversal,70,0.00600635967494984,0.004122011541632417
LTCUSDT,short,54.11,53.98,831.214039691614,7.323040238208781,0.009610053594529851,2026-02-16 06:30:00,2026-02-16 06:45:00,4,macd_reversal,60,0.003511365736462719,0.003141748290519344
NEARUSDT,short,1.044,1.046,892.9066945541016,-7.556522248778165,-0.007662835249042152,2026-02-16 07:45:00,2026-02-16 08:00:00,4,macd_reversal,70,0.001915708812260538,0.004789272030651239
SOLUSDT,short,85.44,86.23,892.3399553854432,-33.717081924725285,-0.03698501872659205,2026-02-16 12:00:00,2026-02-16 11:30:00,1,stop_loss,70,0.0026919475655431176,0.010416666666666673
LTCUSDT,short,53.82,54.47,825.4144587315349,-40.53542619169697,-0.04830917874396125,2026-02-16 12:00:00,2026-02-16 11:30:00,1,stop_loss,70,0.0016722408026756486,0.014121144555927128
LTCUSDT,short,54.47,54.52,709.4168138213693,-3.823531311445519,-0.004589682393978728,2026-02-16 12:15:00,2026-02-16 12:15:00,3,stop_loss,80,0.0036717459151825913,0.007710666421883637
SOLUSDT,short,84.94,82.95,709.1874019426825,82.50793438889646,0.1171415116552858,2026-02-16 13:15:00,2026-02-16 14:45:00,9,take_profit,90,0.028608429479632595,0.0023546032493525176
SOLUSDT,short,82.95,83.71,674.1397085364489,-31.422143502072977,-0.0458107293550326,2026-02-16 15:30:00,2026-02-16 15:15:00,2,stop_loss,80,0.0016877637130801755,0.01181434599156123
DOGEUSDT,short,0.10071,0.10104,666.6361578261215,-11.45525968004043,-0.016383675901102714,2026-02-16 13:30:00,2026-02-16 16:00:00,13,macd_reversal,90,0.022539966239698086,0.005262635289444968
SOLUSDT,short,83.71,84.61,840.3179749079055,-36.81064536867891,-0.043005614621909244,2026-02-16 16:00:00,2026-02-16 16:30:00,5,stop_loss,65,0.005256241787122181,0.012184924142874332
AVAXUSDT,short,9.135,9.148,826.4326941507687,-5.365524928811546,-0.005692391899288407,2026-02-16 16:45:00,2026-02-16 17:00:00,4,macd_reversal,70,0.003284072249589421,0.004926108374384229
LTCUSDT,short,53.72,53.93,1099.6177224065375,-13.775434407190335,-0.011727475800446807,2026-02-16 17:15:00,2026-02-16 17:30:00,4,macd_reversal,50,0.000930752047654452,0.006515264333581561
ICPUSDT,short,2.365,2.384,803.8220003160595,-26.4741239951871,-0.03213530655391067,2026-02-16 17:45:00,2026-02-16 18:45:00,7,macd_reversal,60,0.004651162790697725,0.008456659619450135
INJUSDT,short,3.113,3.125,824.9735218923062,-13.380418602554235,-0.015419209765499532,2026-02-16 18:30:00,2026-02-16 19:00:00,5,macd_reversal,70,0.0028911018310311264,0.007709604882749766
ATOMUSDT,long,2.26,2.233,821.4015984744486,-39.909941028885505,-0.047787610619468485,2026-02-16 19:45:00,2026-02-16 19:15:00,1,stop_loss,70,0.008407079646017756,0.015486725663716682
ATOMUSDT,long,2.233,2.243,703.4222685152109,15.187872765465395,0.02239140170174605,2026-02-16 20:00:00,2026-02-16 20:15:00,4,macd_reversal,80,0.00895656068069862,0.004030452306314329
ATOMUSDT,long,2.276,2.28,704.3335408811388,5.625755846391218,0.008787346221441132,2026-02-16 21:45:00,2026-02-16 23:45:00,11,macd_reversal,80,0.018892794376098487,0.0030755711775042505
UNIUSDT,long,3.615,3.6,827.5919105353381,-14.398038848516983,-0.01659751037344412,2026-02-17 00:00:00,2026-02-17 00:45:00,6,macd_reversal,70,0.003596127247579502,0.007192254495159127
STXUSDT,short,0.2643,0.263,661.5787716669505,15.741119184085557,0.02459326522890594,2026-02-17 03:00:00,2026-02-17 06:30:00,17,macd_reversal,80,0.015134317063942504,0.001891789632992813
BCHUSDT,short,566.59,560.08,703.8072039010112,39.86993838234219,0.05744894897544954,2026-02-17 03:00:00,2026-02-17 09:15:00,28,macd_reversal,90,0.017755343369985455,0.0018002435623642877
ENSUSDT,short,6.732,6.641,828.1540485224946,44.11585965812031,0.05407011289364242,2026-02-17 07:15:00,2026-02-17 10:00:00,14,take_profit,70,0.015448603683897815,0.004010695187165795
ENSUSDT,short,6.641,6.67,670.3435414678653,-15.172596699284844,-0.021834061135371112,2026-02-17 10:45:00,2026-02-17 10:15:00,1,stop_loss,80,0.0009034783918084968,0.005722029814786968
ENSUSDT,short,6.67,6.696,669.4331856659081,-13.582969957313445,-0.01949025487256357,2026-02-17 11:00:00,2026-02-17 11:15:00,4,stop_loss,80,0.0032983508245877425,0.007496251874062942
UNIUSDT,short,3.537,3.55,657.4546244436472,-12.608109752378423,-0.018377155781735793,2026-02-17 10:00:00,2026-02-17 11:45:00,10,macd_reversal,90,0.009047215154085391,0.003675431156347159
LTCUSDT,short,54.72,54.79,657.1626327898103,-4.729072969470784,-0.006396198830409382,2026-02-17 12:45:00,2026-02-17 12:30:00,2,stop_loss,80,0.0016447368421051956,0.005847953216374275
SOLUSDT,short,85.27,84.94,835.7727593355867,12.269344057372257,0.015480239240060903,2026-02-17 12:15:00,2026-02-17 13:00:00,6,macd_reversal,70,0.01125835581095337,0.003049138032133284
LTCUSDT,short,54.79,54.91,656.8788884116422,-7.718920395762657,-0.010950903449534354,2026-02-17 13:15:00,2026-02-17 13:15:00,3,stop_loss,80,0.002555210804891414,0.006570542069720742
NEARUSDT,short,1.055,1.04,707.2982793914739,49.71602957967184,0.07109004739336447,2026-02-17 14:15:00,2026-02-17 13:45:00,1,take_profit,80,0.018957345971564,0.004739336492891105
SOLUSDT,short,83.78,84.49,664.8603826279855,-28.703938417457454,-0.04237288135593183,2026-02-17 14:30:00,2026-02-17 15:15:00,6,stop_loss,90,0.010981141083790901,0.014323227500596836
NEARUSDT,short,1.04,1.042,670.3896182085751,-6.982365715803166,-0.009615384615384623,2026-02-17 14:30:00,2026-02-17 15:15:00,6,stop_loss,90,0.011538461538461548,0.009615384615384623
SOLUSDT,short,84.49,84.87,835.4195347108654,-15.697779263234992,-0.017990294709433526,2026-02-17 16:00:00,2026-02-17 15:45:00,2,stop_loss,60,0.005444431293644144,0.011125576991360067
NEARUSDT,short,1.042,1.048,658.0148908356067,-19.471178443444128,-0.028790786948176605,2026-02-17 16:00:00,2026-02-17 15:45:00,2,stop_loss,80,0.005758157389635321,0.011516314779270643
LTCUSDT,short,54.46,53.8,667.7173027123282,39.92611075112238,0.06059493206022803,2026-02-17 16:30:00,2026-02-17 16:45:00,4,macd_reversal,75,0.012853470437018047,0.00036724201248615533
DOTUSDT,short,1.352,1.371,668.4674788633381,-47.50549180262973,-0.07026627218934876,2026-02-17 17:45:00,2026-02-17 17:45:00,3,stop_loss,75,0.0029585798816568073,0.017011834319526558
NEARUSDT,short,1.048,1.056,665.9668872931181,-25.951356994304675,-0.038167938931297746,2026-02-17 16:30:00,2026-02-17 17:45:00,8,macd_reversal,75,0.02003816793893142,0.009541984732824436
ATOMUSDT,short,2.236,2.238,661.7769963027225,-3.4890682710254053,-0.004472271914131886,2026-02-17 20:00:00,2026-02-17 22:00:00,11,macd_reversal,80,0.006261180679785435,0.005813953488372048
DOTUSDT,short,1.354,1.351,704.0180811731091,7.236099580554154,0.011078286558346062,2026-02-17 20:00:00,2026-02-18 01:15:00,24,macd_reversal,80,0.01255539143279182,0.003692762186115135
ICPUSDT,short,2.378,2.366,661.567652206461,16.1629490457654,0.025231286795626598,2026-02-17 22:45:00,2026-02-18 02:15:00,17,macd_reversal,80,0.015559293523969689,0.0025231286795625663
BCHUSDT,short,559.97,562.44,1107.5814065321554,-15.542525689904835,-0.013232851759915855,2026-02-18 02:00:00,2026-02-18 02:45:00,6,macd_reversal,55,0.0024465596371234253,0.005143132667821482
AVAXUSDT,short,9.097,9.068,704.2801284530325,10.662322695708436,0.015939320655160995,2026-02-18 04:00:00,2026-02-18 06:30:00,13,macd_reversal,75,0.0074749917555237575,0.0018687479388810858
ATOMUSDT,long,2.273,2.298,827.5291509323132,35.74489049061843,0.04399472063352382,2026-02-18 04:00:00,2026-02-18 07:30:00,17,macd_reversal,70,0.01715794104707422,0.002199736031676347
MINAUSDT,long,0.06714,0.06718,655.2681187588362,1.4277310479146155,0.0029788501638366377,2026-02-18 07:45:00,2026-02-18 09:15:00,9,macd_reversal,90,0.011170688114387855,0.007000297885016563
SOLUSDT,short,85.02,83.43,667.0853166599661,61.84375197069808,0.09350741002117086,2026-02-18 10:15:00,2026-02-18 10:15:00,3,take_profit,80,0.02187720536344389,0.0
ICPUSDT,short,2.359,2.338,667.748474118682,29.18754339215961,0.04451038575667636,2026-02-18 08:30:00,2026-02-18 10:15:00,10,take_profit,90,0.01568461212378123,0.0029673590504451534
ICPUSDT,short,2.338,2.34,672.364346322166,-3.413701341566253,-0.004277159965782249,2026-02-18 11:00:00,2026-02-18 11:00:00,3,stop_loss,90,0.0008554319931566397,0.006415739948674133
SOLUSDT,short,83.43,82.33,670.795941778208,43.68459877073149,0.06592352870670073,2026-02-18 11:00:00,2026-02-18 13:45:00,14,take_profit,90,0.016181229773462882,0.0028766630708377664
SOLUSDT,short,82.33,82.72,843.3734815251352,-16.655053834159897,-0.01894813555204667,2026-02-18 14:30:00,2026-02-18 14:15:00,2,stop_loss,70,0.008623830924328845,0.008623830924329017
ICPUSDT,short,2.34,2.326,672.1595242416721,19.56960857587006,0.029914529914529468,2026-02-18 11:45:00,2026-02-18 14:30:00,14,macd_reversal,80,0.013675213675213687,0.003846153846153992
SOLUSDT,short,82.72,83.65,673.6994819900585,-38.41012243924044,-0.05621373307543562,2026-02-18 15:00:00,2026-02-18 14:45:00,2,stop_loss,75,0.00229690522243711,0.015111218568665378
AAVEUSDT,short,126.3,128.39,843.4765762996343,-56.50585155292336,-0.06619160728424352,2026-02-18 15:15:00,2026-02-18 14:45:00,1,stop_loss,70,7.91765637370618e-05,0.017893903404592282
ENSUSDT,short,6.921,6.851,837.213587296868,33.201028789622704,0.04045658141887027,2026-02-18 15:30:00,2026-02-18 15:45:00,4,macd_reversal,70,0.016760583730674836,0.0011559023262534326
XRPUSDT,short,1.4588,1.4606,671.7629315648718,-4.681821082901458,-0.0061694543460371586,2026-02-18 16:45:00,2026-02-18 16:15:00,1,stop_loss,80,0.0002741979709351371,0.008294488620784206
ATOMUSDT,long,2.437,2.437,662.2900280347785,-0.5298320224278228,0.0,2026-02-18 15:30:00,2026-02-18 17:30:00,11,macd_reversal,90,0.02913418137053762,0.00615510874025428
XRPUSDT,short,1.4606,1.4339,671.4820222998976,60.83680450747581,0.0914007941941666,2026-02-18 17:00:00,2026-02-18 18:30:00,9,take_profit,85,0.02197726961522648,0.0009585102012871888
XLMUSDT,short,0.16332,0.16203,670.8987127226449,25.95909720090327,0.03949301983835371,2026-02-18 18:15:00,2026-02-18 20:45:00,13,macd_reversal,85,0.014511388684790493,0.0022042615723732503
XRPUSDT,short,1.4339,1.4198,674.5839195677286,32.627336371929935,0.0491666085501081,2026-02-18 19:15:00,2026-02-18 22:00:00,14,macd_reversal,90,0.013599274705348944,0.0009066183136899916
ICPUSDT,short,2.245,2.241,844.9004412363471,5.345641811724315,0.007126948775055686,2026-02-18 21:30:00,2026-02-18 22:15:00,6,macd_reversal,60,0.009354120267260537,0.00044543429844093085
NEARUSDT,short,1.012,1.011,834.5737523390956,2.63105148168283,0.003952569169960916,2026-02-18 22:45:00,2026-02-18 23:15:00,5,macd_reversal,60,0.007905138339920955,0.005928853754940716
INJUSDT,long,2.974,3.243,678.7156694402328,306.40812880846664,0.4522528581035637,2026-02-19 00:00:00,2026-02-19 00:45:00,6,take_profit,80,0.09583053127101536,0.0030262273032953396
INJUSDT,long,3.243,3.317,697.1001571687409,78.97579448186143,0.11409189022510066,2026-02-19 01:30:00,2026-02-19 01:00:00,1,take_profit,90,0.038236201048412,0.05457909343200742
ENSUSDT,short,6.599,6.599,668.599341713815,-0.534879473371052,0.0,2026-02-18 23:30:00,2026-02-19 01:00:00,9,macd_reversal,80,0.01651765419002879,0.002576147901197069
INJUSDT,long,3.317,3.244,701.8387048376525,-77.79123498730786,-0.11003919204100084,2026-02-19 01:45:00,2026-02-19 01:15:00,1,stop_loss,90,0.006632499246306842,0.03527283690081399
OPUSDT,short,0.1572,0.1521,693.0197925644702,111.86291692926882,0.16221374045801507,2026-02-19 04:00:00,2026-02-19 04:30:00,5,take_profit,90,0.038167938931297746,0.009541984732824436
INJUSDT,long,3.244,3.314,737.2550984728407,78.95374846915442,0.1078914919852032,2026-02-19 02:00:00,2026-02-19 05:00:00,15,macd_reversal,90,0.06041923551171385,0.019112207151664697
TIAUSDT,short,0.3259,0.3269,883.4002554274157,-11.549313090839833,-0.01227370359005831,2026-02-19 05:45:00,2026-02-19 05:45:00,3,stop_loss,70,0.000306842589751594,0.00736422215403485
OPUSDT,short,0.1521,0.1446,699.7315675802263,171.95785961285566,0.24654832347140057,2026-02-19 05:15:00,2026-02-19 07:15:00,11,take_profit,90,0.055226824457593804,0.008547008547008517
DOTUSDT,short,1.309,1.291,706.0272455564822,47.97792235946272,0.06875477463712765,2026-02-19 07:00:00,2026-02-19 07:45:00,6,take_profit,90,0.016806722689075647,0.0038197097020627314
DOTUSDT,short,1.291,1.301,718.2492679423541,-28.392154330789,-0.03872966692486448,2026-02-19 08:30:00,2026-02-19 08:30:00,3,stop_loss,90,0.0015491866769945792,0.009295120061967475
OPUSDT,short,0.1446,0.1435,715.9669764546782,26.65971860763842,0.0380359612724764,2026-02-19 08:00:00,2026-02-19 09:00:00,7,macd_reversal,80,0.03388658367911491,0.013831258644536664
ARBUSDT,short,0.1047,0.1041,718.1105960652951,20.001746367425678,0.028653295128939986,2026-02-19 09:45:00,2026-02-19 11:15:00,9,macd_reversal,75,0.01050620821394464,0.0019102196752625773
DOTUSDT,short,1.301,1.29,716.5457386825067,29.718858434063606,0.042275172943888925,2026-02-19 09:15:00,2026-02-19 12:00:00,14,macd_reversal,75,0.010760953112990019,0.0015372790161414312
RUNEUSDT,short,0.3964,0.3913,719.3107008473409,45.69706120624234,0.06432896064581224,2026-02-19 12:00:00,2026-02-19 12:45:00,6,take_profit,80,0.01412714429868818,0.002270433905146347
LTCUSDT,short,52.32,51.88,720.9279346234946,29.73750566781496,0.04204892966360834,2026-02-19 12:45:00,2026-02-19 13:00:00,4,take_profit,85,0.014717125382263057,0.0007645259938837758
RUNEUSDT,short,0.3913,0.3935,723.5727242692999,-20.91951743564449,-0.028111423460261124,2026-02-19 13:30:00,2026-02-19 13:15:00,2,stop_loss,90,0.0017889087656528966,0.006644518272425227
LTCUSDT,short,51.88,51.98,725.1982872306205,-7.569347982430789,-0.009637625289128211,2026-02-19 13:45:00,2026-02-19 14:00:00,4,stop_loss,90,0.004818812644564379,0.0073245952197377685
RUNEUSDT,short,0.3935,0.3948,723.8455824068026,-12.535864993610577,-0.016518424396441776,2026-02-19 14:00:00,2026-02-19 14:00:00,3,stop_loss,75,0.0053367217280812975,0.008894536213468876
RUNEUSDT,short,0.3948,0.3934,722.7428118330404,12.236394612821123,0.017730496453900162,2026-02-19 14:45:00,2026-02-19 15:00:00,4,macd_reversal,75,0.010385005065856111,0.005319148936170189
LTCUSDT,short,51.98,51.95,723.4725838172859,1.5089650566970618,0.0028857252789528695,2026-02-19 14:45:00,2026-02-19 15:45:00,7,macd_reversal,75,0.011542901115813665,0.004232397075798499
ALGOUSDT,short,0.0875,0.0883,723.4769955098096,-33.652015676856664,-0.04571428571428623,2026-02-19 15:45:00,2026-02-19 15:45:00,3,stop_loss,90,0.007999999999999912,0.012571428571428615
NEARUSDT,short,0.994,0.995,904.459085889575,-4.36324165860935,-0.0040241448692152956,2026-02-19 16:30:00,2026-02-19 16:30:00,3,stop_loss,65,0.007042253521126767,0.011066398390341951
ATOMUSDT,short,2.288,2.3,902.567024576531,-19.65702616322483,-0.020979020979021,2026-02-19 17:45:00,2026-02-19 18:00:00,4,macd_reversal,70,0.0013111888111886668,0.007430069930070083
TRXUSDT,long,0.28221,0.28457,710.6892223482625,29.147379396046492,0.041812834414088326,2026-02-19 16:45:00,2026-02-19 19:15:00,13,take_profit,85,0.008646043726303098,0.0006378228978420802
INJUSDT,long,3.284,3.256,720.8741980914313,-31.308242517060375,-0.04263093788063341,2026-02-19 18:45:00,2026-02-19 19:45:00,7,macd_reversal,80,0.01370280146163227,0.022228989037758818
TRXUSDT,long,0.28457,0.28474,722.0119423106041,1.5790132488504174,0.0029869627859578224,2026-02-19 20:00:00,2026-02-19 21:00:00,7,macd_reversal,90,0.0010893628984082386,0.0007730962504831781
ATOMUSDT,short,2.272,2.275,900.0814788830376,-5.4740166560804004,-0.005281690140845271,2026-02-19 20:45:00,2026-02-19 21:30:00,6,macd_reversal,70,0.001760563380281692,0.006602112676056393
ATOMUSDT,short,2.275,2.281,953.9402493007907,-10.826697686570235,-0.01054945054945095,2026-02-20 02:15:00,2026-02-20 05:00:00,14,macd_reversal,70,0.008351648351648408,0.006593406593406648
AVAXUSDT,long,9.003,9.146,705.9157844825851,55.49766722857862,0.07941797178718242,2026-02-20 05:30:00,2026-02-20 06:15:00,6,take_profit,90,0.016327890703098993,0.0016661112962346517
AVAXUSDT,long,9.146,9.206,722.623598582524,23.124840064360807,0.03280122457905025,2026-02-20 07:00:00,2026-02-20 06:45:00,2,take_profit,90,0.01552591296741739,0.0005466870763176012
RUNEUSDT,long,0.401,0.4008,720.1476505104831,-2.3719975481156275,-0.00249376558603533,2026-02-20 05:45:00,2026-02-20 07:15:00,9,macd_reversal,90,0.0022443890274313127,0.0029925187032419807
SOLUSDT,long,83.58,84.41,904.5462035311805,35.20712871943771,0.03972242163196929,2026-02-20 08:15:00,2026-02-20 09:15:00,7,take_profit,70,0.014716439339554965,0.0040679588418282295
AVAXUSDT,long,9.206,9.317,724.0110889863855,43.06908076464039,0.06028676949815373,2026-02-20 07:30:00,2026-02-20 09:30:00,11,take_profit,90,0.016836845535520437,0.005213990875515973
AVAXUSDT,long,9.317,9.23,910.2865466253569,-34.72841365563487,-0.037351078673392615,2026-02-20 10:15:00,2026-02-20 10:00:00,2,stop_loss,60,0.002146613716861605,0.010625737898465193
SOLUSDT,long,84.41,83.86,725.7493905481107,-24.22484573927529,-0.032579078308257146,2026-02-20 10:00:00,2026-02-20 10:15:00,4,stop_loss,80,0.003435611894325391,0.008055917545314449
LTCUSDT,long,53.77,53.57,907.6819156011842,-14.230804868187803,-0.014878184861447114,2026-02-20 10:45:00,2026-02-20 10:15:00,1,stop_loss,70,0.00018597731076804927,0.0048354100799703386
BCHUSDT,short,554.3,546.5,905.6957393292272,50.25452886239143,0.056287209092548834,2026-02-20 11:00:00,2026-02-20 12:15:00,8,take_profit,70,0.016705755006314254,0.002471585783871558
TRXUSDT,long,0.28469,0.28448,713.7760902334064,-3.2035857488772796,-0.003688222276862341,2026-02-20 11:00:00,2026-02-20 12:45:00,10,stop_loss,75,0.001615792616530317,0.00224805929256375
UNIUSDT,short,3.326,3.357,726.5519016724895,-34.44039508695326,-0.046602525556223906,2026-02-20 13:30:00,2026-02-20 13:30:00,3,stop_loss,80,0.0015033072760071839,0.012026458208057738
AAVEUSDT,short,115.92,116.83,724.4854779672722,-29.016518375050456,-0.039251207729468454,2026-02-20 14:15:00,2026-02-20 14:00:00,2,stop_loss,85,0.0009489302967563788,0.014492753623188342
BCHUSDT,short,546.5,542.81,727.5718631951253,23.98098162371702,0.033760292772187145,2026-02-20 13:00:00,2026-02-20 14:15:00,8,stop_loss,80,0.010795974382433628,0.005782250686184754
AAVEUSDT,short,116.83,117.46,903.4306085809615,-20.20956408477632,-0.021569802276812308,2026-02-20 14:45:00,2026-02-20 14:15:00,1,stop_loss,70,0.0,0.02644868612513912
BCHUSDT,short,542.81,546.31,892.0397762988024,-23.720866153831793,-0.025791713490908422,2026-02-20 15:00:00,2026-02-20 14:30:00,1,stop_loss,60,0.00033160774488301615,0.0076454007848051645
BCHUSDT,short,546.31,555.7,1186.1985490912778,-62.11425533375721,-0.05156413025571618,2026-02-20 15:15:00,2026-02-20 15:00:00,2,stop_loss,50,0.007742856619867667,0.02427193351760009
AAVEUSDT,short,117.46,118.36,891.3783714136061,-28.032719052392274,-0.03064873148305826,2026-02-20 15:00:00,2026-02-20 16:00:00,7,macd_reversal,70,0.015324365741529008,0.013706793802145407
NEARUSDT,long,1.04,1.024,707.9922741347413,-55.0273379835187,-0.07692307692307698,2026-02-20 15:45:00,2026-02-20 16:15:00,5,stop_loss,90,0.005769230769230774,0.01634615384615397
RUNEUSDT,long,0.4101,0.4049,717.3134768283296,-46.050930512105694,-0.06339917093391902,2026-02-20 16:45:00,2026-02-20 16:15:00,1,stop_loss,80,0.00438917337234813,0.012679834186783803
RUNEUSDT,long,0.4049,0.4161,700.2193748375988,96.28419345766434,0.1383057545072863,2026-02-20 17:00:00,2026-02-20 17:00:00,3,take_profit,80,0.02914299827117815,0.0009878982464805038
NEARUSDT,long,1.024,1.039,891.8157054846289,51.54137392885193,0.05859374999999962,2026-02-20 17:00:00,2026-02-20 18:45:00,10,macd_reversal,65,0.021484375000000017,0.0068359375000001145
RUNEUSDT,long,0.4161,0.4123,705.9964264450587,-32.802076887505976,-0.04566210045662131,2026-02-20 17:45:00,2026-02-20 19:30:00,10,macd_reversal,90,0.007209805335255821,0.009372746935832767
SOLUSDT,long,84.72,84.46,900.297582028955,-11.772049743032651,-0.012275731822474274,2026-02-20 19:45:00,2026-02-20 20:15:00,5,macd_reversal,60,0.005547686496694982,0.004367327667611007
NEARUSDT,long,1.047,1.048,759.9234036120351,3.021112870291462,0.004775549188157173,2026-02-20 21:30:00,2026-02-20 22:45:00,8,macd_reversal,80,0.006685768863419405,0.001910219675262657
UNIUSDT,long,3.482,3.488,714.3279993953131,5.583000547599952,0.008615738081562008,2026-02-20 22:45:00,2026-02-21 00:15:00,9,macd_reversal,80,0.005456634118322712,0.0048822515795520815
INJUSDT,long,3.419,3.421,896.5562380256674,1.380575981853391,0.0023398654577359225,2026-02-20 23:30:00,2026-02-21 01:15:00,10,macd_reversal,70,0.018426440479672467,0.005849663644340456
AAVEUSDT,short,114.78,115.7,883.3078451694608,-29.026674767367684,-0.03206133472730447,2026-02-21 01:00:00,2026-02-21 01:30:00,5,stop_loss,60,0.0020909566126502428,0.009409304756926279
XRPUSDT,long,1.4328,1.4262,882.1457292750487,-16.959657993848467,-0.01842546063651636,2026-02-21 02:30:00,2026-02-21 02:15:00,2,stop_loss,70,0.0,0.006281407035175962
ENSUSDT,short,6.606,6.585,884.4050178323154,10.538316357807137,0.012715712988192497,2026-02-21 02:00:00,2026-02-21 02:15:00,4,macd_reversal,65,0.004844081138359072,0.0063578564940962486
BCHUSDT,long,566.6,564.28,895.1420796942385,-15.377106426838186,-0.016378397458524884,2026-02-21 03:15:00,2026-02-21 03:45:00,5,macd_reversal,70,0.0006353688669255447,0.004765266501941485
DOTUSDT,long,1.337,1.359,704.6990039404079,57.414468495759365,0.08227374719521324,2026-02-21 03:00:00,2026-02-21 04:30:00,9,take_profit,80,0.016454749439042647,0.003739715781600519
DOTUSDT,long,1.359,1.35,707.2785179132171,-23.98564128827789,-0.033112582781456575,2026-02-21 05:15:00,2026-02-21 05:45:00,5,stop_loss,80,0.0022075055187638806,0.008830022075055196
UNIUSDT,long,3.533,3.535,893.9887967122256,1.3091255133515909,0.0022643645626948474,2026-02-21 04:30:00,2026-02-21 06:00:00,9,macd_reversal,70,0.0073591848287575,0.0014152278516840911
DOTUSDT,long,1.35,1.353,882.2992242949005,7.136820392074023,0.008888888888888568,2026-02-21 06:30:00,2026-02-21 06:45:00,4,macd_reversal,65,0.0037037037037036245,0.0022222222222223064
ICPUSDT,long,2.177,2.172,883.2741266397012,-8.821218535484313,-0.009186954524574907,2026-02-21 06:45:00,2026-02-21 07:00:00,4,macd_reversal,60,0.0022967386311437267,0.004134129536058749
ATOMUSDT,short,2.369,2.381,713.8888194279994,-18.651874738817373,-0.025327142254114744,2026-02-21 08:00:00,2026-02-21 07:30:00,1,stop_loss,75,0.0,0.00759814267623461
ARBUSDT,long,0.1,0.1027,759.4561908808503,101.91902081620988,0.1349999999999997,2026-02-21 07:45:00,2026-02-21 08:00:00,4,take_profit,90,0.028999999999999998,0.0020000000000000573
ATOMUSDT,short,2.381,2.393,712.7697069436704,-18.531653151787722,-0.02519949601007982,2026-02-21 08:15:00,2026-02-21 08:30:00,4,macd_reversal,75,0.0016799664006719882,0.006719865602687953
XLMUSDT,long,0.16384,0.16302,720.0391582226544,-18.59458936315611,-0.025024414062500458,2026-02-21 09:15:00,2026-02-21 09:00:00,2,stop_loss,90,0.0007934570312499464,0.005004882812500092
ARBUSDT,long,0.1027,0.1033,721.6860372288737,20.50403492568558,0.029211295034080004,2026-02-21 08:45:00,2026-02-21 11:00:00,12,macd_reversal,90,0.022395326192794513,0.000973709834469356
XLMUSDT,long,0.16302,0.16278,898.6543535760812,-6.01096237031641,-0.0058888479941109125,2026-02-21 09:45:00,2026-02-21 11:15:00,9,macd_reversal,70,0.0019016071647650885,0.003005766163660842
ICPUSDT,long,2.244,2.252,887.3488218746894,11.943936584206357,0.014260249554366422,2026-02-21 12:00:00,2026-02-21 12:15:00,4,macd_reversal,70,0.004456327985739655,0.004456327985739853
INJUSDT,long,3.849,3.899,886.9195324694671,45.37617663536316,0.05196154845414375,2026-02-21 11:45:00,2026-02-21 12:45:00,7,macd_reversal,70,0.03325539101065203,0.011171732917640984
AVAXUSDT,long,9.328,9.415,710.5956936948039,32.56929432382191,0.04663379073756419,2026-02-21 13:15:00,2026-02-21 13:30:00,4,take_profit,90,0.012971698113207595,0.00289451114922805
AVAXUSDT,long,9.415,9.35,725.0537322233587,-25.60845116130601,-0.034519383961762885,2026-02-21 14:15:00,2026-02-21 14:00:00,2,stop_loss,80,0.0014869888475837626,0.008284652150823092
AVAXUSDT,long,9.35,9.291,904.3965314421004,-23.551066040162567,-0.02524064171122964,2026-02-21 14:45:00,2026-02-21 14:30:00,2,stop_loss,70,0.00203208556149734,0.007165775401069537
ATOMUSDT,short,2.338,2.352,722.1041611912705,-22.197568394559593,-0.02994011976047859,2026-02-21 15:15:00,2026-02-21 14:45:00,1,stop_loss,80,0.0017108639863130895,0.006843455945252358
SOLUSDT,long,85.81,86.1,723.8976946194055,11.653158469384408,0.01689779745950309,2026-02-21 13:45:00,2026-02-21 16:00:00,12,macd_reversal,90,0.010138678475702186,0.0026803402866799205
TRXUSDT,long,0.28745,0.28716,902.0737748095858,-4.361963694674471,-0.004035484432074545,2026-02-21 16:45:00,2026-02-21 16:30:00,2,stop_loss,70,0.0008001391546356165,0.00160027830927104
ATOMUSDT,short,2.352,2.344,720.772307087597,11.681414587792467,0.01700680272108845,2026-02-21 15:30:00,2026-02-21 18:00:00,13,macd_reversal,80,0.013180272108843408,0.0017006802721088452
AAVEUSDT,long,123.79,123.13,721.3973020259882,-19.808163133532897,-0.026658049923257564,2026-02-21 17:45:00,2026-02-21 19:30:00,10,macd_reversal,80,0.0,0.006220211648760079
ATOMUSDT,short,2.315,2.322,764.1560355384995,-12.164439836572454,-0.015118790496760513,2026-02-21 20:45:00,2026-02-21 21:00:00,4,macd_reversal,75,0.0017278617710583168,0.004319654427645888
ATOMUSDT,short,2.303,2.314,763.4261691483052,-18.842803159876723,-0.0238818931828053,2026-02-22 00:00:00,2026-02-22 00:00:00,3,stop_loss,80,0.004342162396873551,0.00477637863656106
ATOMUSDT,short,2.314,2.306,899.0479562734351,11.713576933490305,0.013828867761452044,2026-02-22 00:45:00,2026-02-22 01:15:00,5,macd_reversal,70,0.00734658599827135,0.0017286084701815055
XLMUSDT,short,0.16065,0.15894,717.6205989994069,37.61859646474626,0.053221288515405835,2026-02-22 00:00:00,2026-02-22 01:15:00,8,take_profit,90,0.011640211640211534,0.0016184251478369763
XLMUSDT,short,0.15894,0.15586,765.2555313626068,73.53486480219155,0.09689190889643888,2026-02-22 02:00:00,2026-02-22 01:45:00,2,take_profit,90,0.019755882723040165,0.0
XLMUSDT,short,0.15586,0.15507,726.5072112818873,17.830853030944983,0.025343256768894686,2026-02-22 02:30:00,2026-02-22 02:15:00,2,stop_loss,90,0.012832028743744398,0.010843064288463987
XLMUSDT,short,0.15507,0.15575,727.5770624637441,-16.53461219086659,-0.021925581995227515,2026-02-22 03:00:00,2026-02-22 03:00:00,3,stop_loss,90,0.005287934481202135,0.010188946927194157
ATOMUSDT,short,2.295,1.952,719.3401994808503,536.9706899796998,0.747276688453159,2026-02-22 02:30:00,2026-03-18 12:00:00,8,end_of_backtest,85,0.006100217864923656,0.0004357298474945054
XLMUSDT,short,0.15575,0.17026,726.5849857322921,-339.0322517117176,-0.4658105939004814,2026-02-22 03:45:00,2026-03-18 12:00:00,3,end_of_backtest,75,0.0036597110754413302,0.0021187800963081665
